species,average_precision_autogluon,average_precision_linear_probe,auroc_autogluon,auroc_linear_probe,delta_ap
Geotrygon montana,1.0,0.5833333333333333,1.0,0.999895178197065,0.41666666666666674
Dicaeum agile,0.33142593023222433,0.055974993459437794,0.9930264261744967,0.9934109340044743,0.27545093677278654
Chamaeza campanisona,0.4034788732087579,0.13125259217875432,0.9947317505274078,0.9946967842698463,0.27222628103000357
Turdus iliacus,0.4997394654033278,0.24634468825699937,0.9763265520134228,0.9849342841163311,0.2533947771463284
Myioborus ornatus,0.48620516269508307,0.24753590004280593,0.9927434309506316,0.9966971064693328,0.23866926265227714
Columba oenas,0.337030191004313,0.11406075202439123,0.9642520180312402,0.9607925359052312,0.22296943897992175
Poecilotriccus plumbeiceps,0.31661733226820576,0.10305986696230601,0.9886337422669603,0.993939393939394,0.21355746530589975
Trogon rufus,1.0,0.8333333333333333,1.0,0.9999475890985324,0.16666666666666674
Passer hispaniolensis,0.6676309868209578,0.5013297872340425,0.9655274836635567,0.9737568578117902,0.16630119958691525
Meiglyptes tristis,0.5311144687763537,0.3836322137482296,0.9903936969736109,0.9960686810303769,0.14748225502812412
Myiothlypis leucoblephara,0.34754508246316695,0.20139208624520422,0.9946677862915924,0.9958433924635247,0.14615299621796274
Taraba major,0.3822064082060336,0.2487391994989734,0.9173870701925237,0.9411191849576748,0.13346720870706016
Ciconia ciconia,0.2868085276663288,0.1534574999987293,0.953044761103937,0.969154479113487,0.13335102766759951
Motacilla alba,0.44906609814224596,0.32379080942721916,0.9979088000839103,0.9960667086217746,0.1252752887150268
Nycticorax nycticorax,0.8166666666666667,0.6916666666666667,0.9997378905430908,0.9994233591947997,0.125
Corvus monedula,0.45,0.325,0.9997903563941299,0.9996855345911949,0.125
Anabacerthia lichtensteini,0.2542857142857143,0.13329264798578877,0.9876481073712907,0.9912760826255635,0.12099306629992551
Columba larvata,0.7,0.5833333333333333,0.9998689727463311,0.999895178197065,0.1166666666666667
Fraseria griseigularis,0.16998215018989443,0.05962618266234676,0.9740205258820884,0.9930032212150723,0.11035596752754767
Illadopsis albipectus,0.34567814027401456,0.23684764238163575,0.9872140091517072,0.9856285932183504,0.10883049789237881
Cyanomitra verticalis,0.32483201868121225,0.21674700943898834,0.9937060736389384,0.9925055654626619,0.10808500924222392
Pellorneum bicolor,0.34143288793324245,0.24779226416895964,0.9331122186974563,0.9254688030613005,0.09364062376428281
Sylvia abyssinica,0.7641623524534439,0.6705695648313751,0.9951665440790165,0.9912787643164863,0.0935927876220688
Dendrocopos major,0.5633321574895421,0.4703077730784201,0.9502930750061422,0.954654686275198,0.09302438441112204
Pycnonotus finlaysoni,0.2743505849723128,0.18544647196644762,0.9930898473068572,0.9924353855852069,0.08890411300586518
Centropus bengalensis,0.17987686088865762,0.09354042735382016,0.9961584854206,0.9942836165303125,0.08633643353483746
Cyclarhis gujanensis,0.5064935064935064,0.4203944203944204,0.9948107768109865,0.9971695146241745,0.08609908609908606
Phylloscopus trochilus,0.587462846988618,0.5015029097217959,0.9950497323115683,0.9963192840646652,0.08595993726682205
Troglodytes aedon,0.5098345918734268,0.4253468336441958,0.9895564642969487,0.9857816923560868,0.08448775822923105
Indicator minor,0.75,0.6666666666666666,0.999895178197065,0.99979035639413,0.08333333333333337
Anisognathus lacrymosus,0.41666666666666663,0.3333333333333333,0.99979035639413,0.999685534591195,0.08333333333333331
Treron curvirostra,0.4046637150956399,0.3222672971263433,0.9159471446567289,0.9581474385891245,0.08239641796929664
Myiarchus ferox,0.21640565023203936,0.13417621594092183,0.9619691726958163,0.9961832861486841,0.08222943429111754
Galerida theklae,0.6476126387254502,0.5653840172613838,0.9891377374620274,0.9881329437665218,0.0822286214640664
Tadorna ferruginea,0.6257142857142858,0.5444444444444444,0.9995630592841164,0.9995980145413871,0.08126984126984138
Harpactes oreskios,0.16400899617271453,0.08557207681599578,0.9854203841713026,0.9888457366782128,0.07843691935671875
Synallaxis ruficapilla,0.6436712829586448,0.5653694989221305,0.9985906201271441,0.9981033345328056,0.07830178403651433
Rubigula flaviventris,0.1269771650391211,0.05008574097072585,0.9862410826689046,0.9869177507343685,0.07689142406839525
Falco tinnunculus,0.4129629629629629,0.336599651436359,0.994146835796904,0.956808889820736,0.07636331152660392
Cyanoloxia brissonii,0.8781385281385281,0.8040707115942225,0.9994801652025448,0.9992464780000191,0.07406781654430561
Geopelia striata,0.943955181519308,0.8766258050982203,0.9996665613702572,0.99939630058615,0.06732937642108772
Glaucidium cuculoides,0.16148827106063154,0.09578110941851681,0.9828347503586299,0.9915398341555579,0.06570716164211474
Troglodytes troglodytes,0.48487838742899597,0.41952661893412013,0.9592275937998924,0.958807149075432,0.06535176849487584
Ficedula hypoleuca,0.5832777456517175,0.5193193625474014,0.9777215431627196,0.9972975553857907,0.06395838310431612
Phylloscopus sibilatrix,0.4739083268837331,0.41004298435573927,0.9741616326396267,0.9735974581806326,0.06386534252799381
Psarocolius decumanus,0.6857707509881423,0.6233042819249716,0.999180564296203,0.9990822320117475,0.06246646906317077
Amazona amazonica,0.20819590599002366,0.14597948131424882,0.9967091462135516,0.99668292427103,0.062216424675774845
Regulus ignicapilla,0.5111989554154384,0.45213964755884506,0.961048266927619,0.9690860364517888,0.0590593078565933
Sitta europaea,0.09267720622655884,0.03432692002609482,0.8708846688281612,0.9132993669908909,0.05835028620046402
Anthracoceros albirostris,0.1,0.041666666666666664,0.9990567026517136,0.997589351221046,0.05833333333333334
Garrulax leucolophus,0.2202216940493779,0.16256906849268193,0.9849407073145136,0.9908134681982935,0.05765262555669595
Galbula ruficauda,0.2,0.14285714285714285,0.9996331621423331,0.9993711351011424,0.05714285714285716
Picus puniceus,0.34193315919819217,0.2898512425159698,0.9384728649558267,0.9644231483085451,0.052081916682222396
Vireo chivi,0.517141355581126,0.46796395547518266,0.9871737704655794,0.9881185663896598,0.04917740010594329
Oriolus oriolus,0.3203742514752923,0.27300794978914256,0.8881960257682802,0.9371557579650065,0.04736630168614975
Anas platyrhynchos,0.09757065732243403,0.052065230726384366,0.9890502656599552,0.9792715324384789,0.04550542659604966
Dendrocoptes medius,0.04598003152916448,0.003584372243301555,0.902646750524109,0.8670335429769391,0.042395659285862926
Cinnyris reichenowi,0.4912429762178049,0.45185024296843734,0.9866679793643918,0.9903973536013863,0.03939273324936754
Psilopogon henricii,0.5238095238095237,0.48444444444444446,0.9986546458398854,0.9990914491386239,0.03936507936507927
Synallaxis albilora,0.22895760241053978,0.1896214239473311,0.9837827159011908,0.9852106371379556,0.039336178463208665
Crypturellus undulatus,0.3154796197963576,0.2765127670867007,0.9835691236609241,0.9893079290755016,0.038966852709656885
Cuculus canorus,0.6299066671446079,0.5927569598618188,0.9899528045755959,0.9915317990653935,0.0371497072827891
Psilopogon rafflesii,0.5571186920974192,0.5205968672095824,0.9971818850478092,0.9973731217820742,0.03652182488783673
Merops viridis,0.5909090909090908,0.5555555555555556,0.9996505573610092,0.9996505573610092,0.03535353535353525
Pogoniulus subsulphureus,0.4493734912341083,0.4142824998289256,0.9821173902245699,0.9884421086757054,0.03509099140518268
Hylia prasina,0.09489390179437832,0.05984850437479938,0.948974063199105,0.9847769854586129,0.03504539741957893
Rubigula cyaniventris,0.12092901391476621,0.08685556724993233,0.9439156499789652,0.95307047934866,0.034073446664833876
Hippolais polyglotta,0.26907497665737395,0.23526991359742153,0.9514968487394957,0.9772202062643239,0.03380506305995243
Hydrornis elliotii,0.08507690840265725,0.051371180368657544,0.9894260346756152,0.9894435123042506,0.0337057280339997
Harpactes kasumba,0.3915425859731295,0.3607110312199628,0.9959277125279643,0.9975356543624161,0.030831554753166734
Oriolus xanthonotus,0.16992375853900207,0.1403318999943299,0.8299848843322818,0.8469111461619349,0.029591858544672167
Psilopogon haemacephalus,0.5780497803817616,0.5485118062776212,0.9927280051805669,0.9940212644197464,0.029537974104140385
Streptopelia chinensis,0.7157205309343068,0.6862940729380749,0.9986590239798063,0.9985399292236878,0.02942645799623189
Grallaria nuchalis,0.13115584453289547,0.10321185655540283,0.8672259205949383,0.9118163008276359,0.027943987977492646
Trogon curucui,0.30356891589382795,0.27722250639386187,0.9958267799098248,0.9964559085666352,0.026346409499966084
Pica pica,0.26003174063666484,0.23478808884509128,0.8979275970619097,0.9353445260580623,0.025243651791573563
Motacilla flava,0.8887701989737754,0.8643455344548141,0.9996085211887906,0.9995867723659456,0.024424664518961303
Capsiempis flaveola,0.13379555291105336,0.11010961740631853,0.9879790026246719,0.9920086459780763,0.02368593550473483
Mixornis kelleyi,0.25216169763570984,0.2312940569351281,0.9949630174063184,0.9962084091651501,0.020867640700581724
Carduelis carduelis,0.10153607006347169,0.0826633366575797,0.9036563204061272,0.8996923960085832,0.01887273340589199
Camptostoma obsoletum,0.10570821525497429,0.08735551558752999,0.941522491349481,0.9621054839047918,0.018352699667444294
Piprites chloris,0.14285714285714285,0.125,0.9994235405093805,0.9992663242846662,0.01785714285714285
Pternistis squamatus,0.07425454207329621,0.058171327123875176,0.9720270553691275,0.979690995525727,0.016083214949421033
Cisticola juncidis,0.5647769459897607,0.5518259976212314,0.9919057098135293,0.9913706274669933,0.01295094836852928
Tephrodornis virgatus,0.07851939527060067,0.06604825218582461,0.9895476300756523,0.9852215531882044,0.012471143084776065
Psittacara leucophthalmus,0.056779950122341424,0.044344276463627055,0.9871405108851382,0.9912639340252297,0.012435673658714369
Prionochilus percussus,0.36597302612501686,0.35422938763444406,0.9657467532467532,0.9826346447669977,0.011743638490572805
Pheugopedius genibarbis,0.043291639592809184,0.03192994799745896,0.9904985321870413,0.9924250366953239,0.01136169159535022
Bathmocercus rufus,0.36595056529451153,0.35614776825499006,0.9228280021686095,0.9186526761242131,0.009802797039521471
Serinus canicollis,0.5924752475247526,0.5827472527472528,0.9916325888644226,0.9922826884764601,0.009727994777499749
Melanocorypha calandra,0.10483091787439613,0.09523809523809523,0.9893343815513626,0.9954402515723271,0.009592822636300902
Buccanodon duchaillui,0.5303030303030303,0.5217391304347826,0.9984276729559749,0.9976939203354297,0.008563899868247682
Passer domesticus,0.12037645243431477,0.11198108854039204,0.8997738836318078,0.924691531269304,0.00839536389392273
Pycnonotus barbatus,0.250768133838063,0.2424538757903459,0.9802218927146756,0.9916281755196305,0.008314258047717099
Orthotomus atrogularis,0.33178779506125894,0.3235305817117487,0.9199631601410696,0.9193010267880543,0.00825721334951024
Gracula religiosa,0.22487157797999227,0.2168248945102111,0.9068332599801132,0.9051695681940438,0.008046683469781157
Cyanolyca armillata,0.9909090909090909,0.9833333333333333,0.9999895090222409,0.9999790180444817,0.007575757575757569
Cossypha niveicapilla,0.08046709337432881,0.0728956720172573,0.9959211492083464,0.996036489462095,0.007571421357071506
Chrysocolaptes guttacristatus,0.7626839826839826,0.7552795298917732,0.9969576164498531,0.9912400335711289,0.0074044527922094705
Turdus viscivorus,0.4895214547512631,0.4839152835530345,0.9544306633950679,0.9585784231342364,0.005606171198228593
Pomatorhinus montanus,0.3846861903829462,0.38037273768699903,0.9493253666545458,0.9595394458952688,0.004313452695947184
Turdus leucomelas,0.37751153736416365,0.3733566864711316,0.9836228193168702,0.9900706784559477,0.004154850893032025
Biatas nigropectus,0.5097087378640777,0.5062111801242236,0.9948899371069182,0.9916666666666666,0.0034975577398540514
Euphonia chlorotica,0.5053191489361702,0.5037593984962406,0.9905398322851152,0.9861635220125786,0.0015597504399296191
Thripadectes flammulatus,1.0,1.0,1.0,1.0,0.0
Systellura longirostris,1.0,1.0,1.0,1.0,0.0
Cercococcyx mechowi,1.0,1.0,1.0,1.0,0.0
Pellorneum tickelli,1.0,1.0,1.0,1.0,0.0
Trogon personatus,1.0,1.0,1.0,1.0,0.0
Cyanocorax yncas,1.0,1.0,0.9999999999999999,1.0,0.0
Scytalopus pachecoi,1.0,1.0,0.9999999999999999,1.0,0.0
Dendrocopos leucotos,1.0,1.0,0.9999999999999999,1.0,0.0
Strix aluco,1.0,1.0,0.9999999999999999,1.0,0.0
Jynx torquilla,1.0,1.0,1.0,1.0,0.0
Tricholaema hirsuta,1.0,1.0,1.0,1.0,0.0
Lanius meridionalis,1.0,1.0,1.0,1.0,0.0
Automolus ochrolaemus,1.0,1.0,1.0,1.0,0.0
Cranioleuca vulpina,0.25,0.25,0.9997379729588094,0.9996855675505713,0.0
Ficedula parva,1.0,1.0,1.0,1.0,0.0
Dicrurus aeneus,1.0,1.0,1.0,1.0,0.0
Telophorus multicolor,1.0,1.0,0.9999999999999999,1.0,0.0
Gallinula chloropus,0.5016666666666667,0.5016666666666667,0.9995071825521653,0.9994966970745517,0.0
Megabyas flammulatus,1.0,1.0,1.0,1.0,0.0
Dryobates minor,1.0,1.0,1.0,1.0,0.0
Cercomacra melanaria,0.35673073077595563,0.35708143376624757,0.9881203061340141,0.9912152502301572,-0.0003507029902919401
Ortalis canicollis,0.6495460103888343,0.6499341674610828,0.9567131398013751,0.9589524446142093,-0.00038815707224848506
Picumnus temminckii,0.0050103153551429415,0.0057431992711180525,0.9672431865828093,0.9713312368972746,-0.000732883915975111
Hirundo rustica,0.5095185762863017,0.5103519431388285,0.9684441414988815,0.9860004194630873,-0.0008333668525267734
Curruca cantillans,0.6509617003367003,0.652013371437819,0.9808909402426659,0.9942422229215473,-0.0010516711011187008
Arremon flavirostris,0.6174110425118489,0.6190410060117721,0.9990289733361327,0.9981432395549024,-0.0016299634999232815
Halcyon smyrnensis,0.04446084347609299,0.04614315312888465,0.9160586815032543,0.9656335292882636,-0.001682309652791661
Phylloscopus tenellipes,0.014829047196768155,0.016995614035087717,0.9874475890985326,0.9896750524109015,-0.0021665668383195613
Cnemotriccus fuscatus,0.1344725026274279,0.13721242791228735,0.9923964341898268,0.9936624466252154,-0.0027399252848594458
Poliolais lopezi,0.0010193679918450561,0.003861003861003861,0.900167697306362,0.9729588093491248,-0.002841635869158805
Zentrygon frenata,0.8385393912916849,0.8413819875776397,0.998708569330816,0.9994493392070485,-0.002842596285954846
Sirystes sibilator,0.006329113924050633,0.009174311926605505,0.9838067288544179,0.9886804318205639,-0.0028451980025548723
Serinus serinus,0.005019127463072093,0.007936536463577525,0.826579886626076,0.8276755721184128,-0.0029174090005054318
Dryobates passerinus,0.001610305958132045,0.004629629629629629,0.93721832093072,0.977465674457604,-0.003019323671497584
Dicrurus leucophaeus,0.49945796029575573,0.5025157785152401,0.996435904615241,0.996640067198656,-0.003057818219484365
Chiroxiphia caudata,0.09765331050912801,0.100883816825141,0.9667591877223606,0.9919783290888107,-0.0032305063160129877
Hieraaetus pennatus,0.002680965147453083,0.005988023952095809,0.96216329525207,0.9826014044649408,-0.0033070588046427256
Cacomantis sonneratii,0.03901418822372579,0.042913917416169914,0.891035444404462,0.8956908960057575,-0.0038997291924441208
Hylophilus poicilotis,0.0035211267605633804,0.008064516129032258,0.9710198092443141,0.98710826957342,-0.004543389368468877
Terpsiphone affinis,0.04003736249288054,0.04468621206964013,0.9885934550031465,0.989209670652402,-0.004648849576759588
Saxicola torquatus,0.00625,0.01098901098901099,0.9840163504873704,0.9905670265171366,-0.0047390109890109895
Cinnycerthia olivascens,0.877671068427371,0.8826959195545583,0.9964731814842028,0.9984395227598755,-0.005024851127187313
Milvus migrans,0.03444571265266227,0.03968929906276915,0.9255449846430444,0.9716383249681624,-0.0052435864101068805
Myiozetetes cayanensis,0.0032258064516129032,0.009433962264150943,0.9689235929147888,0.9889948642699926,-0.00620815581253804
Apalis jacksoni,0.43704557990272275,0.44345238095238093,0.998838864334407,0.9991160386545809,-0.006406801049658184
Aegithina tiphia,0.164611959104256,0.17163614802921776,0.9919087859310146,0.9914279555867511,-0.007024188924961761
Prunella modularis,0.7050686053913462,0.7124097007047413,0.978454434640813,0.9885693066509522,-0.007341095313395107
Furnarius leucopus,0.05319909687066401,0.06079421259886889,0.9646115813918644,0.988883062401678,-0.007595115728204885
Trogon surrucura,0.2362943213402382,0.2439054356890247,0.987991670072595,0.9883419941223409,-0.007611114348786502
Turdus albicollis,0.15410317185277442,0.16266921294819517,0.9752989387412,0.9777618997583272,-0.008566041095420751
Leptocoma brasiliana,0.5455163393872434,0.5543123543123543,0.9799094658836689,0.9980425055928411,-0.00879601492511084
Cinnyris chloropygius,0.21696286472328064,0.2258326312380723,0.9700639614134424,0.9878158750131069,-0.008869766514791655
Dysithamnus mentalis,0.0725784549431678,0.08186469663019108,0.946035187400319,0.9723828194222931,-0.009286241687023286
Neocossyphus fraseri,0.25748355714591625,0.2676410514291078,0.9839648897452365,0.9905762830618322,-0.01015749428319157
Tangara vassorii,0.2399211899211899,0.2508002962696728,0.9983219716832721,0.9980223237695708,-0.010879106348482909
Muscicapa striata,0.5137483417544559,0.5264491136270323,0.9973165546924209,0.9983007033382323,-0.012700771872576344
Pellorneum ruficeps,0.10205555454153074,0.11500249937526967,0.9851882146824587,0.9863433128658041,-0.012946944833738927
Coereba flaveola,0.28061935519564024,0.2936937547892438,0.9903482394024639,0.993763539948912,-0.01307439959360357
Bleda syndactylus,0.04386491322799131,0.05728516334262407,0.9717711706848986,0.9713925872616049,-0.013420250114632756
Polioptila dumicola,0.023894675685999307,0.03739257560140275,0.9389081203305476,0.9830763313402566,-0.013497899915403445
Iole propinqua,0.036073529474817026,0.05057784401492298,0.9822018565135305,0.987308579819593,-0.014504314540105957
Oreolais pulcher,0.1937717649679644,0.20828728808584096,0.9363543537199395,0.9811330586951165,-0.014515523117876572
Cacicus solitarius,0.17922019927856717,0.1937528581889065,0.9819130533191063,0.9814159148963688,-0.014532658910339336
Prunella collaris,0.009002729382101091,0.023565510093511703,0.949059027049696,0.9809184315370099,-0.014562780711410612
Recurvirostra avosetta,0.8642327944959524,0.879315712115102,0.999760838116571,0.9997958374165851,-0.015082917619149594
Rhipidura javanica,0.6372075596313342,0.652834043960739,0.9977083846162863,0.9981429291483095,-0.015626484329404722
Hypoedaleus guttatus,0.1433857278551679,0.1599039111752487,0.9797913085770185,0.9852932236082173,-0.016518183320080787
Cossypha natalensis,0.5929701705243501,0.6097227224959803,0.9932878867330887,0.9960895947261967,-0.01675255197163017
Cryptopezus nattereri,0.0053475935828877,0.022222222222222223,0.9810292422177969,0.9953883240750445,-0.016874628639334522
Emberiza citrinella,0.06502879992376878,0.0823654462897591,0.8627112639093009,0.9263791203023306,-0.01733664636599032
Hemicircus canente,0.06867668093571033,0.08619966303415263,0.9729070499370541,0.9880297943768359,-0.017522982098442302
Fulica atra,0.5505292088087749,0.5695985942278476,0.993409067063458,0.9839280434181285,-0.01906938541907277
Chrysophlegma miniaceum,0.06579899432705318,0.08551653622010053,0.7772392647235217,0.9204674943025069,-0.01971754189304735
Thamnophilus doliatus,0.7552954816631984,0.776050327538423,0.9618135711787338,0.9955578873732074,-0.02075484587522458
Mackenziaena severa,0.06627988580723897,0.08795479759177427,0.9884240012270237,0.9913623997998015,-0.021674911784535303
Dicaeum trigonostigma,0.08305242564291418,0.10503537923987899,0.798057006448686,0.850756783406683,-0.02198295359696481
Irena puella,0.36801726913127397,0.3903700074654721,0.9860155266470835,0.9913239613932019,-0.022352738334198152
Malacopteron magnum,0.24630002715078536,0.26889298363230907,0.8718991213918741,0.9130053858181729,-0.022592956481523707
Lanius nubicus,0.00891692040017399,0.03263358778625954,0.9839360587002096,0.9922431865828092,-0.023716667386085553
Cisticola brunnescens,0.9428571428571428,0.9666666666666666,0.999958058089546,0.999979029044773,-0.023809523809523725
Antrostomus sericocaudatus,0.9428571428571428,0.9666666666666666,0.999958058089546,0.999979029044773,-0.023809523809523725
Glaucidium brasilianum,0.3680601193605692,0.39206517479338737,0.9845138160195872,0.9917191325638335,-0.024005055432818168
Copsychus malabaricus,0.1183681375753573,0.1429640607746393,0.9635252504027456,0.9749947467955453,-0.024595923199282
Cinnyris jugularis,0.25029223358994446,0.2763232821768532,0.9785608933839023,0.9886241045090602,-0.026031048586908745
Pyriglena leucoptera,0.15474901929637233,0.18181970929336874,0.9789605614973262,0.9844299083269671,-0.02707068999699641
Laniarius atroflavus,0.7419843334472145,0.7694461007912986,0.984645422061841,0.9928014222033539,-0.02746176734408412
Tauraco bannermani,0.03181951793062904,0.06013071895424836,0.9817590942446797,0.9930810357479819,-0.028311201023619323
Streptopelia turtur,0.10713286696746319,0.1356698577258483,0.9512419955910141,0.9713415914339701,-0.028536990758385117
Oreolais rufogularis,0.381517094017094,0.4103238866396761,0.998886034808136,0.9991350387921997,-0.028806792622582122
Corvus cornix,0.6840584964950447,0.7131746031746031,0.9724127083988676,0.9934570619691726,-0.02911610667955844
Ispidina picta,0.0050988950297942495,0.03478105371392807,0.9616311982388092,0.9919278750393123,-0.02968215868413382
Hemitriccus striaticollis,0.6850365997827483,0.7152286928757516,0.9993824301374093,0.999610930986568,-0.030192093093003303
Herpsilochmus rufimarginatus,0.08473762374334057,0.1153397160654077,0.9872429710449013,0.9900020981955518,-0.030602092322067134
Lacedo pulchella,0.3520699423597706,0.38365183289966515,0.9468314495968452,0.9686123728037745,-0.03158189053989452
Myiothlypis nigrocristata,0.1111111111111111,0.14285714285714285,0.9991615134681899,0.9993711351011424,-0.031746031746031744
Colius striatus,0.017543859649122806,0.05,0.9947070537679489,0.998008594486951,-0.0324561403508772
Saxicola rubicola,0.37428434935155386,0.4082943178529138,0.9458996543899933,0.9837064723020204,-0.034009968501359955
Psilorhamphus guttatus,0.5773653807209531,0.6116402116402117,0.9851657574485941,0.9982060428031893,-0.03427483091925854
Dicaeum cruentatum,0.2823556401468373,0.3166476499446605,0.9696476097674486,0.9803007606276994,-0.03429200979782321
Pogoniulus bilineatus,0.7370410509868395,0.7715568194078128,0.978989404636192,0.9874002832503338,-0.03451576842097337
Merops apiaster,0.36272485353266515,0.3986566199285073,0.955362297921478,0.933025404157044,-0.03593176639584217
Centropus sinensis,0.42695770757488416,0.4633295931033662,0.9063429647446041,0.9337249480692102,-0.03637188552848203
Camaroptera brachyura,0.12887511038856675,0.16542929847985063,0.9595352719519195,0.9687951876529106,-0.036554188091283885
Aegithina lafresnayei,0.1278079117835525,0.16463291883439798,0.9823218318308521,0.9894409465087702,-0.03682500705084549
Momotus momota,0.4526315789473684,0.4896103896103896,0.9992660935206542,0.9994495701404906,-0.03697881066302122
Coturnix coturnix,0.012000979630251795,0.050537754042426934,0.9129713107593388,0.9596044309326625,-0.03853677441217514
Brotogeris chiriri,0.3689255189255189,0.40793650793650793,0.9907921864625922,0.9954223014292204,-0.03901098901098904
Tapera naevia,0.16364694517561862,0.2028257020452557,0.9457518362745044,0.9566644743750587,-0.039178756869637094
Burhinus oedicnemus,0.6080351604989398,0.6475722573221588,0.9869337864791098,0.9923695674994751,-0.03953709682321904
Aethopyga siparaja,0.29180074072261947,0.3323654930427695,0.9773087451375883,0.9857163438779921,-0.040564752320150055
Lophophanes cristatus,0.7099058949002522,0.7505648178417057,0.9899694134580784,0.996101715245292,-0.04065892294145346
Cyornis sumatrensis,0.20279435890076236,0.24395795755626998,0.992894858730894,0.9920209973753281,-0.041163598655507616
Phasianus colchicus,0.125,0.16666666666666666,0.9992663242846662,0.9994759459176187,-0.04166666666666666
Apalis binotata,0.7633333333333333,0.8051813471502591,0.9997483485372759,0.996057460417322,-0.04184801381692582
Pellorneum capistratum,0.5568464171180639,0.5993358128226549,0.9991080797481637,0.9990818467995803,-0.04248939570459098
Galerida cristata,0.16061715468420415,0.20397847394278565,0.9768823483098887,0.9895614633634264,-0.0433613192585815
Aegithina viridissima,0.26450110499065405,0.30794801593464394,0.898403979670335,0.9023936281499554,-0.04344691094398989
Sturnus unicolor,0.2596036993974488,0.30308865846869654,0.9014033844111968,0.934632902992278,-0.04348495907124772
Corythopis delalandi,0.24158653846153846,0.2852461156808983,0.972124659257706,0.9742084294401342,-0.04365957721935984
Crypturellus obsoletus,0.009416971916971916,0.05319114400727178,0.9774784219170424,0.9899011077331656,-0.043774172090299865
Phylloscopus collybita,0.2268548434293472,0.27091077597849783,0.9055610851539879,0.9314243879968412,-0.044055932549150634
Psilopogon mystacophanos,0.47770617657243675,0.5218066776803971,0.8962070928815166,0.9201499942045378,-0.04410050110796038
Euplectes capensis,0.5571760027445503,0.6016406883413692,0.9737858303462456,0.9872729198155439,-0.04446468559681893
Certhia familiaris,0.19388549172962588,0.23860130723451206,0.9557871586773321,0.968622642611082,-0.04471581550488618
Nicator chloris,0.42372366805275846,0.4691565687397511,0.9777645148968679,0.9878151260504202,-0.04543290068699263
Curruca undata,0.07347316880271385,0.11922657857057382,0.9553702538284036,0.9889081183134046,-0.04575340976785998
Celeus lugubris,0.1875,0.23333333333333334,0.9991614255765199,0.9992138364779874,-0.04583333333333334
Alectoris rufa,0.5248193882190839,0.5706684525393412,0.8996617369414727,0.9121958254667505,-0.04584906432025726
Urolais epichlorus,0.3372258106977312,0.38326719576719576,0.9610022014886256,0.9845895796205053,-0.046041385069464535
Turdus rufiventris,0.2263341087714329,0.2728941360704194,0.9788864880974556,0.9872856362304263,-0.046560027298986506
Thlypopsis superciliaris,0.6771285152237534,0.7239417989417991,0.9944636758861032,0.9991491543993379,-0.04681328371804572
Stachyris poliocephala,0.17569324714709955,0.22311964742986395,0.9474321390130175,0.9620176803204687,-0.0474264002827644
Basileuterus culicivorus,0.25181382831558746,0.2993985998514122,0.9897911707250228,0.9899361689244958,-0.047584771535824744
Psittacula longicauda,0.7731817242455,0.8207767430432452,0.9930386129156621,0.9960792973088055,-0.04759501879774519
Cyanoderma erythropterum,0.27525240742742674,0.3232925279638829,0.923899079827916,0.9516104671234331,-0.04804012053645618
Herpsilochmus longirostris,0.07692307692307693,0.125,0.9987422702022848,0.9992663242846662,-0.04807692307692307
Myiarchus tyrannulus,0.0853494623655914,0.13401875901875904,0.9975888457909634,0.9976587343187615,-0.04866929665316763
Fringilla montifringilla,0.8398303183227727,0.8889345948169476,0.9971503991862897,0.9996851715814882,-0.049104276494174925
Crithagra burtoni,0.3721843496853205,0.4221824140910409,0.9439816714771689,0.978988675252085,-0.04999806440572041
Hedydipna collaris,0.3666666666666667,0.41666666666666663,0.9997379454926625,0.9997903563941299,-0.04999999999999993
Leptotila rufaxilla,0.95,1.0,0.999973789054309,1.0,-0.050000000000000044
Leptotila verreauxi,0.14239626634420327,0.1925694549434528,0.9753787619269471,0.961852039627838,-0.05017318859924952
Apaloderma narina,0.03067653393962557,0.08185716355598557,0.9833612975391498,0.9937430089485458,-0.05118062961636
Emberiza goslingi,0.4882280602103974,0.5396662285098477,0.9952450928938805,0.9958783807424513,-0.051438168299450304
Spilornis cheela,0.5174852082012371,0.569310124162376,0.994681717565664,0.9960730952403767,-0.05182491596113892
Sylvia atricapilla,0.44676135084643315,0.4992008038812492,0.9098930927356265,0.9218434083225185,-0.052439453034816064
Conopophaga lineata,0.08538251207687664,0.1381185488767456,0.9826709312080537,0.9920826342281879,-0.05273603679986896
Eurillas latirostris,0.3631145048472713,0.4166728553391506,0.9867273640042888,0.9861933183346039,-0.05355835049187929
Columba palumbus,0.3440911299376153,0.3978328801448816,0.9604235262656481,0.9661914392204709,-0.05374175020726629
Micropternus brachyurus,0.6998907203891568,0.7545979601967561,0.9980596190275731,0.9986739633761313,-0.054707239807599284
Trachyphonus purpuratus,0.4588235294117647,0.5159090909090909,0.9995544139232543,0.9995544139232543,-0.05708556149732619
Circus aeruginosus,0.7341856197788401,0.7919546340598973,0.9991491543993379,0.9993123302679581,-0.057769014281057185
Pycnonotus plumosus,0.3094676434532915,0.3675381734423984,0.9553503864867231,0.9482464259358857,-0.058070529989106945
Buceros rhinoceros,0.38354484435987274,0.4416725135100896,0.9882544730134376,0.9848610458066273,-0.05812766915021689
Crax fasciolata,0.039120715350223545,0.09808612440191387,0.9958595387840672,0.9985849056603774,-0.05896540905169033
Phoenicurus ochruros,0.18069795866068789,0.23993634244804002,0.8903319940089645,0.9932186341102152,-0.059238383787352134
Erythropitta granatina,0.5956691782348656,0.6553012816856835,0.9912829408466499,0.9931840482197926,-0.05963210345081782
Cantorchilus leucotis,0.09769775989274584,0.15807522529126636,0.9602315384846392,0.9752319889486171,-0.06037746539852051
Lathrotriccus euleri,0.4476186878397539,0.5085516499541766,0.9849742701113211,0.9855702583490863,-0.06093296211442267
Automolus leucophthalmus,0.19188430064087905,0.25328332690450245,0.9852838366890381,0.9832913870246085,-0.061399026263623396
Acrocephalus scirpaceus,0.5530714913247201,0.6149117324988009,0.9749525429048685,0.9928174788297285,-0.06184024117408082
Copsychus pyrropygus,0.3198005946855997,0.3821346550924323,0.9456334097949725,0.9520011522991161,-0.06233406040683259
Illadopsis fulvescens,0.35326317452242284,0.4162526087152591,0.9797307247291469,0.9881981697696434,-0.06298943419283626
Todirostrum cinereum,0.0033222591362126247,0.06666666666666667,0.9703909443454565,0.9985326485693323,-0.06334440753045405
Pogoniulus scolopaceus,0.40543929893286956,0.46929673303932407,0.9892640348593431,0.9931258763936658,-0.0638574341064545
Buteo buteo,0.00569217804336168,0.07125603864734299,0.9732180293501048,0.9980083857442348,-0.06556386060398131
Emberiza calandra,0.4460998462608495,0.5121937085322661,0.9582994969494985,0.9684085957656781,-0.06609386227141661
Tropicoperdix chloropus,0.48739495798319327,0.5535714285714286,0.9993710032498165,0.9996505573610092,-0.06617647058823534
Linurgus olivaceus,0.047073981559407375,0.11373072288155642,0.984706052024334,0.9947556114956996,-0.06665674132214905
Philentoma pyrhoptera,0.41747497912100584,0.48470124400462344,0.9263616201945232,0.9361384619283194,-0.0672262648836176
Chloris chloris,0.1844897314638009,0.25236458869045797,0.9218268152509111,0.8785744322960471,-0.06787485722665706
Coccothraustes coccothraustes,0.3208051111998007,0.38915751390321673,0.9564842036492603,0.9695331093378132,-0.06835240270341603
Cuculus solitarius,0.3036236618409905,0.3721350925586533,0.9907106309078405,0.9954660419361981,-0.0685114307176628
Loriculus vernalis,0.2690108777579473,0.3385725281131493,0.9955094758306345,0.9964990404222143,-0.06956165035520201
Cyanistes caeruleus,0.32634028106507557,0.39603861940457336,0.9463325908721698,0.9470203193217586,-0.06969833833949779
Ramphocelus carbo,0.837780869923727,0.9074990692794529,0.9995614429650953,0.9995427012114669,-0.06971819935572587
Pelargopsis capensis,0.27332326679605784,0.34318495763077933,0.8718131597199644,0.9081065630621843,-0.06986169083472149
Malacopteron affine,0.23667134749139435,0.3072307695440783,0.9048227201456679,0.9356985700557092,-0.07055942205268395
Athene noctua,0.6360806031977617,0.7090807544104245,0.9944097774405257,0.9979576515414483,-0.07300015121266279
Reinwardtipicus validus,0.4666666666666667,0.5416666666666666,0.9996330467603272,0.9997378905430907,-0.07499999999999996
Erithacus rubecula,0.19092165470738057,0.266472099218257,0.8595744151618162,0.9080885322443203,-0.07555044451087642
Legatus leucophaius,0.6618788709354072,0.7377119572738022,0.9926359543922932,0.9954797217591072,-0.07583308633839503
Eurillas virens,0.24080110258669749,0.3178626601088868,0.9643668831168831,0.9834749809014516,-0.07706155752218932
Larus argentatus,0.6733864270189562,0.7505207269976452,0.9177448504175487,0.9760966524259825,-0.07713429997868892
Trichothraupis melanops,0.21147701005652825,0.2891302086044997,0.9819817635076147,0.9879918841142045,-0.07765319854797148
Drymophila malura,0.06784688995215311,0.14654377880184333,0.9968550162490828,0.9985323409162387,-0.07869688884969021
Phoeniculus bollei,0.8894009216589861,0.9682539682539681,0.999677878492771,0.9999700352086299,-0.07885304659498205
Platysteira castanea,0.3828778694850828,0.4619571481352157,0.9820090269759632,0.9923865505055808,-0.07907927865013292
Psilopogon faiostrictus,0.7151998232477014,0.7947648647584759,0.9939538460763878,0.997493933077566,-0.07956504151077448
Hemipus hirundinaceus,0.5236864247354718,0.6047023445307528,0.9395114689663264,0.971752903907075,-0.081015919795281
Elaenia spectabilis,0.16985138004246284,0.25096153846153846,0.9841194968553459,0.9455450733752621,-0.08111015841907562
Fringilla coelebs,0.6673846500706322,0.749242216253311,0.9465594836968144,0.9580384172260381,-0.08185756618267881
Metallura tyrianthina,0.058823529411764705,0.14285714285714285,0.9983754323446179,0.9993711351011424,-0.08403361344537814
Dryocopus martius,0.01551570796989189,0.09955557962402531,0.9282198758119439,0.9473965337988002,-0.08403987165413342
Prinia familiaris,0.2031726298928133,0.28804369746898484,0.9974824294555753,0.9971677331375223,-0.08487106757617155
Orthotomus sericeus,0.6496726404330315,0.735387021462767,0.9769594950026302,0.9927833146139301,-0.0857143810297355
Calandrella brachydactyla,0.4597142363957198,0.5458856680544132,0.9922519818614818,0.9965455619714584,-0.0861714316586934
Regulus regulus,0.21208551779465135,0.3001540857112442,0.9455366326962806,0.9726735039632117,-0.08806856791659284
Laniarius luehderi,0.15998091324100552,0.248551974168773,0.9451916013464969,0.9890940206818053,-0.08857106092776748
Rubigula erythropthalmos,0.28393521619222795,0.37315488766108607,0.9293129535278679,0.9128423652925737,-0.08921967146885812
Pyrrhocorax pyrrhocorax,0.5681248876016318,0.6575132275132276,0.9917771017634649,0.9992890194295837,-0.08938833991159578
Oriolus chinensis,0.11204819277108434,0.20238095238095238,0.9956498951781971,0.9985324947589098,-0.09033275960986804
Psilopogon duvaucelii,0.5021640242023766,0.5928699297401911,0.8913298732238577,0.9458989940604936,-0.09070590553781455
Malacopteron magnirostre,0.5655450146596651,0.6571711050408585,0.9345408884455066,0.9538597860714361,-0.0916260903811934
Eurylaimus ochromalus,0.42871324346147077,0.5210131692778729,0.968067577678888,0.9785263655338086,-0.09229992581640212
Kleinothraupis atropileus,0.5305227354099535,0.6244897959183673,0.9994681249531799,0.9993407745898569,-0.09396706050841375
Mixornis gularis,0.47854047009057765,0.5735467625129337,0.9387516076938083,0.9460121967961732,-0.09500629242235603
Ramphotrigon megacephalum,0.7976190476190477,0.8928571428571428,0.9995675193960998,0.9999213671629272,-0.09523809523809512
Atlapetes schistaceus,0.6905508816840793,0.7869569696367323,0.9963239853520994,0.9987458027681255,-0.09640608795265304
Emberiza cirlus,0.5259449932608105,0.622814337955224,0.9468497767885695,0.9597435946633921,-0.09686934469441355
Picus viridis,0.5277777777777778,0.625,0.9982966457023061,0.999685534591195,-0.09722222222222221
Camaroptera chloronota,0.23001666477567356,0.3299056613195438,0.974150879889882,0.9713786699755684,-0.09988899654387023
Eucometis penicillata,0.6,0.7,0.9996331236897276,0.9998427672955974,-0.09999999999999998
Curruca curruca,0.5666666666666667,0.6666666666666667,0.9998252786805046,0.9998252786805046,-0.10000000000000009
Campylorhynchus turdinus,0.7948082868520189,0.8948936884163612,0.9965255861794889,0.9992519344507563,-0.10008540156434231
Alectoris chukar,0.14850588781428847,0.24979863312772715,0.9796385626398211,0.9819805648769575,-0.10129274531343868
Nothocercus julius,0.4068081774052469,0.508413949981642,0.9961126128490447,0.9981235565819861,-0.10160577257639514
Parus major,0.16795594305748718,0.27012402147022513,0.8714088352184042,0.8859768598563984,-0.10216807841273795
Dicrurus paradiseus,0.20651136227934513,0.3087970469928456,0.870828159390296,0.8983305410466148,-0.10228568471350047
Curruca melanocephala,0.5396644900667359,0.6422141819043757,0.9602440984466797,0.9661506056591797,-0.10254969183763984
Penelope montagnii,0.6719001610305958,0.7759259259259259,0.9986717002237137,0.9997902684563759,-0.10402576489533011
Kurochkinegramma hypogrammicum,0.17141725290079343,0.276585911258285,0.9508480515839641,0.977887580599944,-0.10516865835749159
Bycanistes subcylindricus,0.532682689703067,0.6397020418619227,0.992729435639061,0.9977887407718414,-0.10701935215885572
Oenanthe cypriaca,0.041896798317669445,0.15013251195733082,0.9716409691629956,0.9673799035032515,-0.10823571363966138
Ficedula zanthopygia,0.7288478010180732,0.8377064574642781,0.9972770124205329,0.9984858078462975,-0.10885865644620485
Turtur tympanistria,0.6081872442518932,0.7171556900483826,0.9743758743200992,0.98226533078491,-0.10896844579648945
Garrulus glandarius,0.11557194155526704,0.2251276898817359,0.833137182413572,0.8484471291306162,-0.10955574832646886
Zosterops senegalensis,0.3134213364319675,0.42299114189784986,0.9061548156706228,0.9266433597911384,-0.10956980546588235
Phylloscopus inornatus,0.13444792901073407,0.24466233224145525,0.9900073398343295,0.9934570619691727,-0.11021440323072118
Arachnothera longirostra,0.2582001332001332,0.36858974358974356,0.9992923044663452,0.9994757810861816,-0.11038961038961037
Neocossyphus poensis,0.747181414475935,0.8597744360902254,0.9983634074695762,0.999748216533781,-0.11259302161429041
Crithagra mozambica,0.2633436353565994,0.37616244987441966,0.9898364744688042,0.9881114724291059,-0.11281881451782028
Mecocerculus leucophrys,0.8026315789473684,0.9166666666666666,0.9996068358146362,0.9999475781086181,-0.11403508771929827
Eurystomus orientalis,0.10423529325348822,0.21844933402264757,0.9516984337960235,0.9707450088381588,-0.11421404076915935
Spinus spinus,0.3442569142497555,0.4594359768383285,0.9762229214942771,0.9860789270416404,-0.11517906258857297
Thamnophilus caerulescens,0.3956100670380168,0.5134701336698366,0.991189223057644,0.9935739348370927,-0.1178600666318198
Saltator coerulescens,0.13685638326143745,0.25744152890299477,0.9625315523769458,0.9828132346754436,-0.12058514564155731
Oriolus nigripennis,0.7954545454545454,0.9166666666666666,0.9995806248689452,0.9999475781086181,-0.12121212121212122
Acrocephalus arundinaceus,0.5564479980928809,0.6814349535343085,0.9965869119556507,0.9981706722978145,-0.12498695544142757
Corvus corone,0.12830389687096674,0.25538262604250406,0.886474091233489,0.9149462403332047,-0.1270787291715373
Harpactes duvaucelii,0.48173955737820146,0.6094277430081757,0.9726121857681549,0.9885924794369009,-0.12768818562997425
Aegithalos caudatus,0.5731103687173843,0.7026997245179064,0.9945345809368473,0.9916731049875526,-0.1295893558005221
Stachyris maculata,0.27822259168237495,0.40922725899942375,0.8772291277983773,0.9085583367665826,-0.1310046673170488
Macronus ptilosus,0.17181375525046028,0.3030476069724791,0.8844976139978791,0.9448719890925619,-0.13123385172201885
Hylopsar purpureiceps,0.13100151763944867,0.262265106306027,0.9916896861195613,0.9969346247537794,-0.13126358866657833
Lullula arborea,0.4017716921201713,0.5333459590665997,0.9481874540296312,0.9601218871493118,-0.13157426694642838
Copsychus saularis,0.4053940388433191,0.5383173516549729,0.9775176610117053,0.9914131387614088,-0.13292331281165376
Hypocnemoides maculicauda,0.0724009900990099,0.20666666666666667,0.9946278825995807,0.9986897274633124,-0.13426567656765676
Setophaga pitiayumi,0.4111111111111111,0.5454545454545454,0.9996505573610092,0.9992661704581193,-0.13434343434343432
Curruca conspicillata,0.5458333333333333,0.6810897435897436,0.999633046760327,0.9997116795973999,-0.13525641025641033
Upupa epops,0.49082011336623393,0.6278014965514965,0.9897257479865263,0.9962469550217373,-0.1369813831852626
Prinia flaviventris,0.5612140153129147,0.6994742454204665,0.9885835458918325,0.9915975631170043,-0.13826023010755184
Alophoixus ochraceus,0.29403326891371395,0.432380842157503,0.9876909868236613,0.9937272217549762,-0.13834757324378905
Cisticola chubbi,0.552212448569489,0.6935218774644629,0.9832950916531643,0.995494368867285,-0.1413094288949739
Turdus merula,0.35745350906308115,0.5021476308149345,0.851150998494116,0.9150064062033916,-0.14469412175185337
Hylophilus pectoralis,0.10267746491894321,0.24982667756754134,0.9881564162109521,0.9969735560716159,-0.14714921264859815
Oriolus brachyrynchus,0.4627565690431383,0.6109336831341857,0.9791765106241294,0.9878983589459845,-0.14817711409104745
Picus sharpei,0.5523900119488354,0.7007980845969672,0.9541784628289819,0.9737443640557827,-0.14840807264813183
Anthus trivialis,0.3298786095528804,0.47829419382662874,0.9346121511947489,0.9572137614382256,-0.14841558427374835
Phyllastrephus hypochloris,0.8089285714285714,0.9583333333333333,0.9998164848993288,0.9999650447427293,-0.14940476190476182
Cinnycerthia unirufa,0.1,0.25,0.9991615134681899,0.9996855675505713,-0.15
Lyrurus tetrix,0.1444622008556703,0.29692950519364264,0.9727581260277808,0.9824708722577936,-0.15246730433797234
Psittacula alexandri,0.4006617208555739,0.5543402108956125,0.9864944036376355,0.9951294158796782,-0.15367849004003858
Gallus gallus,0.15268224842419603,0.30948514284905965,0.8727102141507452,0.9338848939743858,-0.15680289442486361
Cacicus cela,0.6070966325121505,0.7650331036627684,0.9957886810954683,0.999172620298382,-0.15793647115061793
Meiglyptes tukki,0.3885351916181568,0.5465689945871453,0.9917279927109616,0.9938428651527894,-0.15803380296898845
Saltator similis,0.19369064601382635,0.35263609939159085,0.9834370576187464,0.9875097888617813,-0.1589454533777645
Pitta sordida,0.12410688029114664,0.28318740239530343,0.8638912751160879,0.9607754484851225,-0.1590805221041568
Orthotomus ruficeps,0.3235907997739712,0.48492529399901324,0.9960273757079925,0.9951882735473044,-0.16133449422504204
Tadorna tadorna,0.45853982618688505,0.6232224396607957,0.9989886882912578,0.9987564611581392,-0.16468261347391067
Hypothymis azurea,0.2930725527294703,0.45845561318656824,0.9427639153180345,0.959967549317283,-0.16538306045709794
Cissopis leverianus,0.3333333333333333,0.5,0.9997903783670475,0.9998951891835237,-0.16666666666666669
Arremon brunneinucha,0.3333333333333333,0.5,0.9997903783670474,0.9998951891835237,-0.16666666666666669
Stelgidillas gracilirostris,0.3310372783883391,0.4983325479287212,0.9892573722402347,0.9937069631002007,-0.16729526954038215
Streptopelia decaocto,0.20241844102727294,0.37180764302485536,0.9093452991199006,0.9390220346789891,-0.16938920199758242
Pericrocotus speciosus,0.31998501393723894,0.48994169229465967,0.9899212660627765,0.9944372761744259,-0.16995667835742073
Chloropsis cochinchinensis,0.2879950400485195,0.4607525993818492,0.9391033122455557,0.9762059065993156,-0.1727575593333297
Curruca communis,0.11771810898313506,0.29378439036076875,0.9108295201220227,0.9532764284876218,-0.1760662813776337
Phoenicurus phoenicurus,0.02677797757994585,0.20307104366429068,0.9846808585011185,0.9894260346756152,-0.17629306608434483
Corvus corax,0.1663594500186807,0.3428420076784955,0.9372551591465548,0.9946572228051767,-0.1764825576598148
Hemithraupis guira,0.11164926614653017,0.28873734585930255,0.9954645553691276,0.9979900727069351,-0.17708807971277238
Picus chlorolophus,0.5444444444444444,0.7222222222222222,0.9997029737568579,0.9998602229444037,-0.1777777777777778
Tachyphonus coronatus,0.17372559280891245,0.35605140226891413,0.9730521092878319,0.9842913252944705,-0.18232580946000168
Pellorneum malaccense,0.23395471957387165,0.42096776886828885,0.909151433974157,0.9529748773130431,-0.1870130492944172
Certhia brachydactyla,0.08714717586983235,0.2743185376271575,0.9300047637902448,0.9620257863347275,-0.18717136175732518
Stachyris nigricollis,0.12235349489098817,0.3097617157537013,0.9196898002103049,0.9651945320715036,-0.18740822086271314
Turdus philomelos,0.31606618057148517,0.5080409512306775,0.9079641323985216,0.9533998806623242,-0.19197477065919233
Loxia curvirostra,0.10009936453204799,0.2924999951525267,0.970050191025545,0.9863210727395311,-0.19240063062047874
Periparus ater,0.4844781809314395,0.6778679156566694,0.9504920785435482,0.9607869003777221,-0.19338973472522986
Patagioenas cayennensis,0.21502690356212942,0.40904112525270864,0.9707830822975915,0.9847645003862088,-0.19401422169057922
Cacomantis merulinus,0.289847963159346,0.48394817797424294,0.9897279401646444,0.9914925651008993,-0.19410021481489692
Ploceus bicolor,0.36133720930232555,0.5588558855885589,0.9959115211238075,0.9894817765663767,-0.19751867628623337
Cinnyris bouvieri,0.3908347048797718,0.5887085110032003,0.9702982509867972,0.9896641486320947,-0.19787380612342853
Apalis cinerea,0.3694580753657429,0.5701726739971388,0.9674971561745693,0.9905612740337929,-0.2007145986313959
Glaucidium tephronotum,0.20063405135694293,0.4058333333333333,0.9974100870294641,0.9983223235818391,-0.2051992819763904
Corvus enca,0.32257799671592774,0.5282051282051282,0.9989933941491035,0.9994966970745517,-0.20562713148920048
Monasa nigrifrons,0.32508730640753114,0.5309640522875817,0.9972560123042504,0.999196029082774,-0.20587674588005056
Anhinga anhinga,0.2527856201769245,0.46263736263736255,0.9989724231938765,0.9995386389850058,-0.20985174246043803
Cyanoderma rufifrons,0.354754362712487,0.566428118571609,0.9745744793318531,0.9879301538536003,-0.21167375585912201
Pionus maximiliani,0.08787691082287725,0.2997111681643132,0.9918877123086601,0.988781715244286,-0.21183425734143596
Alauda arvensis,0.18990320442804354,0.4032918542283528,0.9337227208729321,0.9883066408541593,-0.21338864980030925
Pellorneum rostratum,0.08331204486783328,0.29794042508782087,0.9101141407736208,0.954407102092581,-0.2146283802199876
Thlypopsis pyrrhocoma,0.33066665134413437,0.5471491282479427,0.9955810733384263,0.9976031321619557,-0.21648247690380834
Psilopogon chrysopogon,0.1777090851535159,0.3964076311097258,0.9778855600385346,0.9933422992913078,-0.2186985459562099
Cettia cetti,0.09857624916909725,0.3179592715602124,0.9070110964293221,0.9604004624763507,-0.21938302239111518
Pogoniulus coryphaea,0.3452614379084967,0.5727272727272728,0.996015518506868,0.9990143651043305,-0.22746583481877602
Grus grus,0.022222222222222223,0.25,0.9955979457079971,0.9996855675505713,-0.22777777777777777
Pycnonotus goiavier,0.3668930838425156,0.5994897178232771,0.937626972573924,0.9534620521967255,-0.23259663398076147
Sarothrura pulchra,0.2635135135135135,0.5,0.9963312368972745,0.9998427672955974,-0.2364864864864865
Prinia bairdii,0.054244969264466744,0.29192505425694665,0.9478303437183118,0.9946618180122848,-0.2376800849924799
Luscinia megarhynchos,0.35587575544081923,0.5971510683029946,0.9258606449621619,0.9627943597247308,-0.24127531286217535
Tetrastes bonasia,0.49937100940082774,0.7448537378114843,0.9977301670537118,0.9983519364746424,-0.2454827284106566
Chrysococcyx xanthorhynchus,0.2632138273124839,0.512878349720455,0.9974604839313806,0.9992059330286913,-0.2496645224079711
Grallaricula nana,0.25,0.5,0.9994496855345911,0.9998427672955974,-0.25
Pycnonotus simplex,0.25548004975925415,0.5092506775091952,0.9621872612681437,0.9802282276546982,-0.253770627749941
Malacopteron cinereum,0.2748268564746777,0.529496697661478,0.9464602607671548,0.9734547636697377,-0.2546698411868003
Eurillas curvirostris,0.31429496310325106,0.5764818514818515,0.9648041273172437,0.9967383700594614,-0.26218688837860044
Hemiprocne longipennis,0.07258790883300531,0.3450446493924755,0.8956380413127818,0.986159169550173,-0.27245674055947017
Caprimulgus macrurus,0.31746031746031744,0.5916666666666666,0.9992836425900689,0.9997204458888074,-0.2742063492063491
Otus scops,0.4117647058823529,0.6875,0.9977851750891171,0.9997378905430908,-0.2757352941176471
Bradypterus bangwaensis,0.27389030254413693,0.5568003049027718,0.962300054368043,0.99268415982297,-0.28291000235863484
Pyrrhula pyrrhula,0.037037037037037035,0.3333333333333333,0.997589351221046,0.9997903783670474,-0.2962962962962963
Phylloscopus bonelli,0.1807511737089202,0.5042016806722689,0.9964360587002097,0.9876310272536687,-0.3234505069633487
Cyornis rufigastra,0.27172616663209354,0.595515870887354,0.9103320242851358,0.9587113405177363,-0.3237897042552605
Baryphthengus ruficapillus,0.13143471725275335,0.4596581649271421,0.9693646752866195,0.9891281454891762,-0.32822344767438877
Ficedula albicollis,0.13084216535907506,0.4610683099780292,0.9571327089033888,0.9854241212376342,-0.33022614461895416
Thraupis sayaca,0.04526198439241917,0.3814814814814815,0.9946185833595416,0.9964007408183946,-0.3362194970890623
Scytalopus latrans,0.4413387865753349,0.7797645037808312,0.9943383298072932,0.9987296252394455,-0.3384257172054963
Myiodynastes maculatus,0.20935220935220933,0.5642512077294686,0.9887654191564454,0.9960512981794039,-0.35489899837725924
Batis minor,0.28703703703703703,0.6428571428571428,0.9987683438155137,0.9997379454926625,-0.35582010582010576
Sturnus vulgaris,0.10867727647284298,0.48390151515151514,0.9904572147651007,0.9986017897091722,-0.37522423867867216
Hemipus picatus,0.10124533001245331,0.5038314176245211,0.959329140461216,0.9864255765199161,-0.4025860876120678
Dubusia taeniata,0.3333333333333333,0.75,0.9997117400419288,0.999895178197065,-0.4166666666666667
Brachypodius melanocephalos,0.06470588235294118,0.5185185185185185,0.9961740041928722,0.9972746331236898,-0.4538126361655773
Sitta frontalis,0.11662918540729635,0.5799457994579945,0.9916133766642206,0.9986371737079359,-0.4633166140506982
Halcyon malimbica,0.17440330350266395,0.6572897943838247,0.9948583420776496,0.9984347674011892,-0.48288649088116076
Lamprotornis splendidus,0.10458715596330276,0.6,0.9887054507337526,0.9995807127882599,-0.4954128440366972
Picus vittatus,0.5,1.0,0.9998951891835237,1.0,-0.5
Actitis hypoleucos,0.5,1.0,0.9998951891835238,1.0,-0.5
Grallaria ruficapilla,0.5,1.0,0.9998951891835237,1.0,-0.5
Corythaeola cristata,0.0976661829187682,0.606967885851491,0.9450988107729976,0.9791010842952081,-0.5093017029327228
Poecile montanus,0.030302505823573918,0.6235569985569985,0.9783279646415461,0.9986366019926586,-0.5932544927334246
Nemosia pileata,0.3333333333333333,1.0,0.9997903783670475,1.0,-0.6666666666666667
Tringa totanus,0.3333333333333333,1.0,0.9997903783670474,1.0,-0.6666666666666667
Terpsiphone rufiventer,0.30480480480480476,1.0,0.9987245343676836,1.0,-0.6951951951951952
Nyctibius griseus,0.25,1.0,0.9996855675505714,1.0,-0.75
Andigena hypoglauca,0.21666666666666667,1.0,0.999056603773585,1.0,-0.7833333333333333
Linaria cannabina,0.16666666666666666,1.0,0.9994759459176188,1.0,-0.8333333333333334
Hemitriccus margaritaceiventer,0.16666666666666666,1.0,0.9995283513258569,1.0,-0.8333333333333334
Eurylaimus javanicus,0.09090909090909091,1.0,0.9990567026517136,1.0,-0.9090909090909091
Furnarius rufus,0.012345679012345678,1.0,0.9922439995807567,1.0,-0.9876543209876543
