species,target_pos,seed,n_train,n_train_pos,n_test_pos,n_test,model,accuracy,f1,precision,recall,average_precision,auroc
Fringilla coelebs,1000,0,4000,1000,847,9542,linear_probe,0.9287361140222176,0.6934174932371506,0.5609044493070752,0.9079102715466352,0.8353323637310174,0.9765378330175236
Fringilla coelebs,1000,0,4000,1000,847,9542,autogluon,0.9596520645566967,0.7852760736196319,0.7441860465116279,0.8311688311688312,0.8549387733047035,0.9789019595595998
Fringilla coelebs,1000,1,4000,1000,847,9542,linear_probe,0.9335569063089499,0.7094408799266728,0.5797752808988764,0.9138134592680047,0.8402241114331525,0.9772263911528902
Fringilla coelebs,1000,1,4000,1000,847,9542,autogluon,0.9431984908824146,0.7361246348588121,0.6263463131731566,0.8925619834710744,0.8483890662815937,0.9792769935903399
Fringilla coelebs,1000,2,4000,1000,847,9542,linear_probe,0.9316705093271851,0.6992619926199262,0.5738077214231643,0.8949232585596222,0.8403123668286077,0.9775578386796956
Fringilla coelebs,1000,2,4000,1000,847,9542,autogluon,0.9429888912177741,0.7306930693069307,0.629156010230179,0.8713105076741441,0.8323063058935891,0.9770650803532814
Fringilla coelebs,2500,0,10000,2500,847,9542,linear_probe,0.9330329071473485,0.7096774193548387,0.5768094534711965,0.922077922077922,0.8547951090457928,0.9795231690782948
Fringilla coelebs,2500,0,10000,2500,847,9542,autogluon,0.9419408928945714,0.7351816443594646,0.6176706827309237,0.9079102715466352,0.8654603539778141,0.9818657060436559
Fringilla coelebs,2500,1,10000,2500,847,9542,linear_probe,0.9342905051351917,0.7138293016887266,0.5818452380952381,0.9232585596221959,0.8636539335762592,0.9809550061000738
Fringilla coelebs,2500,1,10000,2500,847,9542,autogluon,0.9501152798155523,0.7586206896551724,0.6648888888888889,0.8831168831168831,0.8674548006867471,0.9828098087285708
Fringilla coelebs,2500,2,10000,2500,847,9542,linear_probe,0.9336617061412702,0.7094997705369436,0.5803303303303303,0.9126328217237308,0.8577634695150668,0.9804365846919039
Fringilla coelebs,2500,2,10000,2500,847,9542,autogluon,0.9463424858520226,0.7432296890672017,0.6460331299040977,0.8748524203069658,0.8452905083286183,0.9789327824144072
Fringilla coelebs,5000,0,13684,3421,847,9542,linear_probe,0.9342905051351917,0.7151294865970014,0.5812407680945347,0.9291617473435655,0.8633589073341879,0.9809365395438896
Fringilla coelebs,5000,0,13684,3421,847,9542,autogluon,0.9509536784741145,0.765295887662989,0.6652136006974717,0.9008264462809917,0.8764576835233856,0.9834167609796236
Malacopteron magnirostre,1000,0,4000,1000,924,9542,linear_probe,0.9599664640536575,0.8204887218045113,0.7250830564784053,0.9448051948051948,0.9108682380921242,0.9901405645487799
Malacopteron magnirostre,1000,0,4000,1000,924,9542,autogluon,0.9719136449381681,0.8624229979466119,0.8203125,0.9090909090909091,0.9247411552893567,0.9924928720617975
Malacopteron magnirostre,1000,1,4000,1000,924,9542,linear_probe,0.9598616642213372,0.8170090778786431,0.7313943541488451,0.9253246753246753,0.9068724704284704,0.9887431068969709
Malacopteron magnirostre,1000,1,4000,1000,924,9542,autogluon,0.9690840494655208,0.8521303258145363,0.7936507936507936,0.9199134199134199,0.9069528154741671,0.9912858569449425
Malacopteron magnirostre,1000,2,4000,1000,924,9542,linear_probe,0.9596520645566967,0.819672131147541,0.7225433526011561,0.946969696969697,0.9113734627688316,0.9897398377904295
Malacopteron magnirostre,1000,2,4000,1000,924,9542,autogluon,0.9600712638859777,0.8218793828892006,0.7234567901234568,0.9512987012987013,0.9213589669446712,0.9919626092171927
Malacopteron magnirostre,2500,0,10000,2500,924,9542,linear_probe,0.9651016558373506,0.8410501193317422,0.7523484201537147,0.9534632034632035,0.927870305619602,0.9923535407116285
Malacopteron magnirostre,2500,0,10000,2500,924,9542,autogluon,0.9794592328652274,0.8965153115100317,0.8752577319587629,0.9188311688311688,0.9545309063597774,0.9953085709061573
Malacopteron magnirostre,2500,1,10000,2500,924,9542,linear_probe,0.9659400544959128,0.8429192846785887,0.7615720524017467,0.9437229437229437,0.9304573153846533,0.991948167481934
Malacopteron magnirostre,2500,1,10000,2500,924,9542,autogluon,0.9774680360511423,0.8888888888888888,0.8506429277942631,0.9307359307359307,0.9565555349642655,0.9950813961315237
Malacopteron magnirostre,2500,2,10000,2500,924,9542,linear_probe,0.9642632571787885,0.8380047505938242,0.7468247248094835,0.9545454545454546,0.9333175684155345,0.9924295167971195
Malacopteron magnirostre,2500,2,10000,2500,924,9542,autogluon,0.9775728358834626,0.8903688524590164,0.8453307392996109,0.9404761904761905,0.9358237844115658,0.9940537724826423
Malacopteron magnirostre,5000,0,14876,3719,924,9542,linear_probe,0.9695032487948019,0.8590799031476998,0.7773882559158632,0.95995670995671,0.9427627963674815,0.9936055763683984
Malacopteron magnirostre,5000,0,14876,3719,924,9542,autogluon,0.9811360301823517,0.9074074074074074,0.8647058823529412,0.9545454545454546,0.9671805033851083,0.9968382646208128
Turdus merula,1000,0,4000,1000,639,9542,linear_probe,0.9154265353175435,0.5876341338783853,0.4362670713201821,0.8998435054773083,0.7826950204165072,0.971494548179413
Turdus merula,1000,0,4000,1000,639,9542,autogluon,0.9463424858520226,0.6767676767676768,0.5671957671957671,0.838810641627543,0.8028896352679835,0.9740593146408246
Turdus merula,1000,1,4000,1000,639,9542,linear_probe,0.9230769230769231,0.608324439701174,0.46153846153846156,0.892018779342723,0.7898066915736008,0.9705080860190786
Turdus merula,1000,1,4000,1000,639,9542,autogluon,0.9578704674072521,0.7086956521739131,0.659919028340081,0.7652582159624414,0.789710780161131,0.9718262399286203
Turdus merula,1000,2,4000,1000,639,9542,linear_probe,0.9128065395095368,0.5763747454175153,0.4271698113207547,0.8857589984350548,0.79173315607688,0.9732208569599985
Turdus merula,1000,2,4000,1000,639,9542,autogluon,0.9417312932299309,0.6638452237001209,0.5408866995073892,0.8591549295774648,0.7950563166737037,0.9736418435733274
Turdus merula,2500,0,10000,2500,639,9542,linear_probe,0.9161601341437854,0.5922528032619776,0.43915343915343913,0.9092331768388107,0.7888483391901461,0.9739795117504483
Turdus merula,2500,0,10000,2500,639,9542,autogluon,0.9481240830014672,0.6804389928986443,0.5791208791208792,0.8247261345852895,0.7770219808702452,0.9740361999269821
Turdus merula,2500,1,10000,2500,639,9542,linear_probe,0.9176273317962691,0.5965092402464066,0.44385026737967914,0.9092331768388107,0.7878669202051511,0.9735442871765018
Turdus merula,2500,1,10000,2500,639,9542,autogluon,0.9517920771326766,0.7005208333333334,0.5997770345596433,0.8419405320813772,0.8239898600856587,0.9777044083362733
Turdus merula,2500,2,10000,2500,639,9542,linear_probe,0.9166841333053867,0.5920985120574653,0.4404580152671756,0.9029733959311425,0.7879833897717057,0.974054568653952
Turdus merula,2500,2,10000,2500,639,9542,autogluon,0.9510584783064348,0.6973428386260532,0.5951327433628318,0.8419405320813772,0.8155606042605492,0.9773516233120765
Turdus merula,5000,0,10640,2660,639,9542,linear_probe,0.9178369314609096,0.597948717948718,0.444698703279939,0.9123630672926447,0.7901208277080577,0.9742403652511497
Turdus merula,5000,0,10640,2660,639,9542,autogluon,0.9479144833368267,0.6903426791277258,0.5734989648033126,0.86697965571205,0.8185383089020889,0.9785955992045725
Stachyris maculata,1000,0,4000,1000,495,9542,linear_probe,0.9620624607000628,0.7171875,0.5847133757961783,0.9272727272727272,0.8934884508055833,0.990226125519593
Stachyris maculata,1000,0,4000,1000,495,9542,autogluon,0.9740096415845735,0.7839721254355401,0.6891271056661562,0.9090909090909091,0.9042982395537591,0.9912518575832382
Stachyris maculata,1000,1,4000,1000,495,9542,linear_probe,0.9621672605323831,0.7195027195027195,0.5845959595959596,0.9353535353535354,0.8897014663287115,0.9901571255832337
Stachyris maculata,1000,1,4000,1000,495,9542,autogluon,0.97264724376441,0.7774936061381074,0.672566371681416,0.9212121212121213,0.9086319156621769,0.9927366960195523
Stachyris maculata,1000,2,4000,1000,495,9542,linear_probe,0.9638440578495074,0.7281323877068558,0.5968992248062015,0.9333333333333333,0.900765685703364,0.9908879889868062
Stachyris maculata,1000,2,4000,1000,495,9542,autogluon,0.9747432404108154,0.7895196506550218,0.6953846153846154,0.9131313131313131,0.9100697165128715,0.9929917054930871
Stachyris maculata,2500,0,8420,2105,495,9542,linear_probe,0.965625654998952,0.7400950871632329,0.6088657105606258,0.9434343434343434,0.9175574364752119,0.9921369101649857
Stachyris maculata,2500,0,8420,2105,495,9542,autogluon,0.9802976315237896,0.8290909090909091,0.7537190082644628,0.9212121212121213,0.9353844630307951,0.995005543441489
Stachyris maculata,5000,0,8420,2105,495,9542,linear_probe,0.965625654998952,0.7400950871632329,0.6088657105606258,0.9434343434343434,0.9175574364752119,0.9921369101649857
Stachyris maculata,5000,0,8420,2105,495,9542,autogluon,0.9802976315237896,0.8290909090909091,0.7537190082644628,0.9212121212121213,0.9353844630307951,0.995005543441489
Sylvia atricapilla,1000,0,4000,1000,413,9542,linear_probe,0.9420456927268916,0.5807429871114481,0.4227373068432671,0.927360774818402,0.7845633724647608,0.9819604766440239
Sylvia atricapilla,1000,0,4000,1000,413,9542,autogluon,0.9602808635506184,0.6519742883379247,0.5251479289940828,0.8595641646489104,0.7904761675788458,0.9825551279123523
Sylvia atricapilla,1000,1,4000,1000,413,9542,linear_probe,0.9400544959128065,0.575037147102526,0.41479099678456594,0.937046004842615,0.7872432745411212,0.9837675056766385
Sylvia atricapilla,1000,1,4000,1000,413,9542,autogluon,0.9734856424229721,0.7299893276414088,0.6526717557251909,0.8280871670702179,0.7989641524923281,0.9857238606075893
Sylvia atricapilla,1000,2,4000,1000,413,9542,linear_probe,0.9298889121777405,0.5357390700902152,0.3754863813229572,0.9346246973365617,0.7888994523108616,0.9828230127388518
Sylvia atricapilla,1000,2,4000,1000,413,9542,autogluon,0.965625654998952,0.6846153846153846,0.5677830940988836,0.8619854721549637,0.7465865245477552,0.9808381453139915
Sylvia atricapilla,2500,0,6648,1662,413,9542,linear_probe,0.9375392999371202,0.5662299854439592,0.404786680541103,0.9418886198547215,0.7924045737584549,0.9835404666553678
Sylvia atricapilla,2500,0,6648,1662,413,9542,autogluon,0.9603856633829386,0.6618962432915921,0.524822695035461,0.8958837772397095,0.80310058215393,0.9832739079913756
Sylvia atricapilla,5000,0,6648,1662,413,9542,linear_probe,0.9375392999371202,0.5662299854439592,0.404786680541103,0.9418886198547215,0.7924045737584549,0.9835404666553678
Sylvia atricapilla,5000,0,6648,1662,413,9542,autogluon,0.9603856633829386,0.6618962432915921,0.524822695035461,0.8958837772397095,0.80310058215393,0.9832739079913756
Dicrurus paradiseus,1000,0,4000,1000,417,9542,linear_probe,0.9374345001047998,0.5670775924583031,0.40644490644490644,0.9376498800959233,0.7191544024912061,0.9817779967806576
Dicrurus paradiseus,1000,0,4000,1000,417,9542,autogluon,0.9626912596939845,0.6787003610108303,0.5441389290882779,0.9016786570743405,0.7889385415792173,0.9854330672448343
Dicrurus paradiseus,1000,1,4000,1000,417,9542,linear_probe,0.9492768811569902,0.6115569823434992,0.45958986731001206,0.9136690647482014,0.7398085107280037,0.9803181235833252
Dicrurus paradiseus,1000,1,4000,1000,417,9542,autogluon,0.9616432613707818,0.676678445229682,0.5356643356643357,0.9184652278177458,0.7739144445608799,0.9867469531224335
Dicrurus paradiseus,1000,2,4000,1000,417,9542,linear_probe,0.9389016977572836,0.5728937728937729,0.41244725738396626,0.9376498800959233,0.7180582442224048,0.9818852205906508
Dicrurus paradiseus,1000,2,4000,1000,417,9542,autogluon,0.9608048627122197,0.6618444846292948,0.5312046444121916,0.8776978417266187,0.7786376683881626,0.9841177359482277
Dicrurus paradiseus,2500,0,6988,1747,417,9542,linear_probe,0.9456088870257807,0.6041189931350115,0.4429530201342282,0.9496402877697842,0.7720609146665827,0.984341644492625
Dicrurus paradiseus,2500,0,6988,1747,417,9542,autogluon,0.9682456508069587,0.7133396404919584,0.5890625,0.9040767386091128,0.8527416551152627,0.9884463716697874
Dicrurus paradiseus,5000,0,6988,1747,417,9542,linear_probe,0.9456088870257807,0.6041189931350115,0.4429530201342282,0.9496402877697842,0.7720609146665827,0.984341644492625
Dicrurus paradiseus,5000,0,6988,1747,417,9542,autogluon,0.9682456508069587,0.7133396404919584,0.5890625,0.9040767386091128,0.8527416551152627,0.9884463716697874
Erithacus rubecula,1000,0,4000,1000,391,9542,linear_probe,0.9264305177111717,0.502127659574468,0.34739941118743867,0.9053708439897699,0.6953288506510056,0.9748488069309434
Erithacus rubecula,1000,0,4000,1000,391,9542,autogluon,0.946866485013624,0.5685106382978723,0.4260204081632653,0.8542199488491049,0.7085849487933337,0.9761838950420076
Erithacus rubecula,1000,1,4000,1000,391,9542,linear_probe,0.9247537203940474,0.49507735583684953,0.3414161008729389,0.9002557544757033,0.6877529311904877,0.9722261427412375
Erithacus rubecula,1000,1,4000,1000,391,9542,autogluon,0.9476000838398658,0.5667244367417678,0.42857142857142855,0.8363171355498721,0.7073028234481818,0.9755862216223906
Erithacus rubecula,1000,2,4000,1000,391,9542,linear_probe,0.931251309997904,0.5082458770614693,0.35949098621421,0.8670076726342711,0.7048479762537387,0.9737887296428408
Erithacus rubecula,1000,2,4000,1000,391,9542,autogluon,0.9460280863550619,0.5683151718357083,0.4226932668329177,0.8670076726342711,0.7190311633598698,0.9766905968936632
Erithacus rubecula,2500,0,6284,1571,391,9542,linear_probe,0.928526514357577,0.5079365079365079,0.35376884422110555,0.9002557544757033,0.7072837475103536,0.9748499248611182
Erithacus rubecula,2500,0,6284,1571,391,9542,autogluon,0.9471808845105848,0.5764705882352941,0.4292866082603254,0.8772378516624041,0.6658466756123897,0.9738755089726473
Erithacus rubecula,5000,0,6284,1571,391,9542,linear_probe,0.928526514357577,0.5079365079365079,0.35376884422110555,0.9002557544757033,0.7072837475103536,0.9748499248611182
Erithacus rubecula,5000,0,6284,1571,391,9542,autogluon,0.9471808845105848,0.5764705882352941,0.4292866082603254,0.8772378516624041,0.6658466756123897,0.9738755089726473
Luscinia megarhynchos,1000,0,4000,1000,382,9542,linear_probe,0.9508488786417941,0.6001705029838023,0.4450063211125158,0.9214659685863874,0.7833607921943991,0.9857907130935778
Luscinia megarhynchos,1000,0,4000,1000,382,9542,autogluon,0.958604066233494,0.6386093321134492,0.4908579465541491,0.9136125654450262,0.802460689293394,0.9868575527561215
Luscinia megarhynchos,1000,1,4000,1000,382,9542,linear_probe,0.9422552923915322,0.5664830841856806,0.4049493813273341,0.9424083769633508,0.7741360528497864,0.9859747593680698
Luscinia megarhynchos,1000,1,4000,1000,382,9542,autogluon,0.958184866904213,0.6369426751592356,0.4881450488145049,0.9162303664921466,0.8032536814426703,0.9878952422323327
Luscinia megarhynchos,1000,2,4000,1000,382,9542,linear_probe,0.9481240830014672,0.5878434637801832,0.43101343101343104,0.9240837696335078,0.7796194201637827,0.9848236127940738
Luscinia megarhynchos,1000,2,4000,1000,382,9542,autogluon,0.9565080695870887,0.6210045662100456,0.47685834502103785,0.8900523560209425,0.7591750549611553,0.9839702553784953
Luscinia megarhynchos,2500,0,6048,1512,382,9542,linear_probe,0.9492768811569902,0.5939597315436241,0.43703703703703706,0.9267015706806283,0.7921805312133315,0.9859893344612359
Luscinia megarhynchos,2500,0,6048,1512,382,9542,autogluon,0.9619576608677426,0.6526315789473685,0.5143288084464555,0.8926701570680629,0.7812518601825987,0.9868392624431286
Luscinia megarhynchos,5000,0,6048,1512,382,9542,linear_probe,0.9492768811569902,0.5939597315436241,0.43703703703703706,0.9267015706806283,0.7921805312133315,0.9859893344612359
Luscinia megarhynchos,5000,0,6048,1512,382,9542,autogluon,0.9619576608677426,0.6526315789473685,0.5143288084464555,0.8926701570680629,0.7812518601825987,0.9868392624431286
